{"epoch": [1, 2, 3, 4, 5], "train_loss": [3.6465425759442196, 1.961031387998514, 1.3015638246447547, 1.1091970545077479, 1.0163422034843654], "train_acc": [0.5952380952380952, 0.8034846591697904, 0.8684575871164792, 0.9008052200472025, 0.9278078578370124], "val_loss": [2.6373354349856166, 1.6457671420953404, 1.4042704754907567, 1.3520369862212616, 1.3630882212364215], "val_acc": [0.7544541626174279, 0.786038224813735, 0.8064463880790411, 0.8150307742144477, 0.8117913832199547]}